WKT,date,time,victims
"POINT (25.55369 41.949)",7.5.2021,09:50,injured
"POINT (26.28675 42.554)",19.2.2022,13:10,died
"POINT (23.31205 42.664)",23.2.2024,06:30,injured
"POINT (27.59794 43.328)",13.10.2022,10:30,injured
"POINT (22.95836 43.692)",29.10.2022,12:30,injured
"POINT (28.03886 43.701)",17.2.2022,11:35,injured
"POINT (25.28404 41.29575)",15.10.2023,13:00,injured
"POINT (25.0963615411 41.3793534775)",10.7.2024,12:05,unharmed
"POINT (23.19846 41.38997)",14.8.2023,09:50,injured
"POINT (23.21046 41.39217)",1.9.2022,15:50,injured
"POINT (23.2151 41.39676)",21.8.2023,14:25,injured
"POINT (23.20407 41.39802)",27.3.2021,19:45,injured
"POINT (24.98509 41.41748)",3.6.2021,21:30,injured
"POINT (25.40292 41.52956)",14.9.2022,09:50,injured
"POINT (25.41072 41.53087)",20.6.2021,15:40,injured
"POINT (25.41286 41.53642)",5.7.2023,18:10,injured
"POINT (26.17127 41.5459)",28.6.2021,20:00,injured
"POINT (24.7356720242 41.568267249)",4.7.2024,22:20,injured
"POINT (24.7285321755 41.5695542016)",5.10.2024,12:05,injured
"POINT (23.732843 41.569787)",5.9.2024,09:45,injured
"POINT (24.8019077833 41.57145125)",15.3.2025,14:25,unharmed
"POINT (24.6919 41.57702)",2.8.2021,20:45,injured
"POINT (25.37781 41.62862)",28.10.2023,07:20,injured
"POINT (25.42063 41.63115)",23.7.2021,19:05,injured
"POINT (25.37328 41.63593)",3.8.2021,18:30,injured
"POINT (25.37189 41.63629)",6.6.2021,15:45,injured
"POINT (25.37259 41.63677)",18.6.2023,14:30,injured
"POINT (25.38249 41.63814)",5.8.2023,13:35,injured
"POINT (25.37113 41.64261)",26.7.2022,21:30,injured
"POINT (25.37074 41.6489)",6.12.2023,07:30,injured
"POINT (23.7648392 41.7219101)",2.3.2024,16:00,unharmed
"POINT (24.68436 41.72851)",29.8.2021,22:05,injured
"POINT (26.200799 41.763712)",12.5.2024,21:30,injured
"POINT (26.206499566 41.7642535343)",2.10.2024,18:00,injured
"POINT (26.19319 41.7677)",2.5.2021,17:47,injured
"POINT (26.19556 41.76791)",14.8.2021,19:30,unharmed
"POINT (26.150529 41.774767)",9.11.2024,22:06,injured
"POINT (26.150529 41.774767)",9.11.2024,22:06,injured
"POINT (26.150529 41.774767)",9.11.2024,22:06,died
"POINT (26.2049093 41.7775123)",1.7.2024,10:00,injured
"POINT (23.5018265135 41.8335654222)",26.6.2024,11:50,unharmed
"POINT (26.08405 41.84464)",9.5.2021,11:47,injured
"POINT (26.08344 41.84529)",27.5.2023,01:00,unharmed
"POINT (23.46779 41.88357)",14.6.2023,19:30,injured
"POINT (23.4707900167 41.8873696)",19.8.2024,14:30,unharmed
"POINT (23.4706 41.88778)",7.7.2022,20:30,injured
"POINT (23.46718 41.88797)",29.4.2022,13:30,injured
"POINT (23.4710025167 41.8905622167)",27.7.2024,15:50,unharmed
"POINT (23.122965 41.892208)",19.8.2024,22:45,injured
"POINT (25.9068291035 41.9194060827)",31.7.2024,20:54,injured
"POINT (25.9138701707 41.9219210592)",9.7.2024,13:40,injured
"POINT (25.90137 41.9225)",6.11.2023,14:23,injured
"POINT (25.90239 41.92488)",2.4.2023,19:00,unharmed
"POINT (25.55924 41.92518)",1.4.2021,17:50,injured
"POINT (25.91163 41.92626)",4.6.2021,14:50,injured
"POINT (25.91623 41.92659)",3.11.2023,11:20,injured
"POINT (25.55899 41.92805)",23.6.2022,12:40,injured
"POINT (25.56396 41.92958)",12.12.2022,08:50,injured
"POINT (25.56178 41.92982)",22.8.2023,10:20,injured
"POINT (25.5590536658 41.9300339587)",29.1.2025,15:30,injured
"POINT (25.55772 41.93049)",27.3.2022,14:51,injured
"POINT (25.59069 41.93094)",6.9.2021,14:30,injured
"POINT (25.560466437 41.9313099515)",28.6.2024,12:50,injured
"POINT (25.56193 41.93214)",31.8.2021,15:55,injured
"POINT (25.90446 41.93243)",10.6.2021,11:25,injured
"POINT (25.56134 41.93253)",14.10.2022,11:50,injured
"POINT (25.5438360651 41.9352058885)",21.6.2024,20:35,injured
"POINT (25.5438360651 41.9352058885)",21.6.2024,20:35,injured
"POINT (25.55518 41.93923)",22.6.2023,13:09,injured
"POINT (25.60779 41.94049)",3.11.2022,13:55,injured
"POINT (25.55517 41.94281)",20.7.2023,14:20,injured
"POINT (24.95849 41.94931)",2.6.2022,07:50,injured
"POINT (23.55723 41.95093)",6.8.2021,16:30,injured
"POINT (25.53268 41.95191)",13.1.2021,16:17,injured
"POINT (27.52516 41.97612)",18.9.2021,10:00,injured
"POINT (24.9961073513 41.982875047)",26.6.2024,20:30,injured
"POINT (24.87087 41.99448)",27.2.2021,12:40,injured
"POINT (24.8733056723 42.0088464125)",1.8.2024,09:00,unharmed
"POINT (24.87645 42.01167)",8.10.2022,09:45,unharmed
"POINT (23.1015032598 42.0118815246)",22.9.2024,12:15,unharmed
"POINT (24.8674539638 42.0124246319)",17.5.2024,16:00,unharmed
"POINT (24.87408 42.01565)",23.6.2022,06:30,injured
"POINT (23.0953172684 42.0165466389)",31.7.2024,16:20,unharmed
"POINT (24.87369 42.01711)",28.4.2021,17:20,injured
"POINT (24.86443 42.0172)",16.11.2022,06:50,injured
"POINT (24.87983 42.01872)",8.8.2023,19:20,injured
"POINT (24.88012 42.01975)",4.3.2022,16:00,unharmed
"POINT (24.89617 42.02112)",18.4.2023,08:00,died
"POINT (24.923402465 42.0216992325)",7.10.2024,09:00,injured
"POINT (23.99258 42.02403)",22.5.2023,11:10,injured
"POINT (24.108455 42.025257)",30.9.2024,09:57,injured
"POINT (23.99315015 42.0259143)",2.6.2024,13:20,injured
"POINT (23.0609616833 42.0368624533)",11.7.2024,16:40,injured
"POINT (24.84516 42.03799)",1.3.2023,19:00,injured
"POINT (24.4677200667 42.0422958167)",26.9.2024,18:30,died
"POINT (23.98942 42.04286)",20.11.2023,17:00,injured
"POINT (23.82582449 42.04439972)",23.7.2024,23:09,injured
"POINT (24.46613 42.04646)",8.12.2023,13:00,injured
"POINT (25.6027253624 42.0499283919)",30.5.2024,09:00,injured
"POINT (25.1495268333 42.05293715)",16.10.2024,09:15,injured
"POINT (25.5865423009 42.053359584)",9.8.2024,11:00,injured
"POINT (24.93881 42.05344)",1.10.2022,13:20,injured
"POINT (25.59809 42.05492)",30.11.2022,12:00,injured
"POINT (25.5886611956 42.0553666464)",21.6.2024,18:20,unharmed
"POINT (25.58562 42.05701)",27.4.2023,17:15,injured
"POINT (25.5912268513 42.0581954277)",26.9.2024,08:40,injured
"POINT (25.59213 42.06008)",11.8.2021,10:20,injured
"POINT (25.24042 42.06171)",9.11.2023,17:35,died
"POINT (24.36565802 42.0637781)",10.8.2024,09:50,injured
"POINT (24.560043971 42.0651940803)",2.4.2024,05:00,died
"POINT (26.248 42.0662)",10.6.2023,20:30,injured
"POINT (24.00994 42.06967)",30.6.2023,17:45,injured
"POINT (25.57916 42.07441)",11.9.2023,20:45,injured
"POINT (25.1943578 42.0782946)",13.3.2024,14:15,died
"POINT (25.19591 42.08215)",18.1.2022,17:30,injured
"POINT (26.3331835291 42.0851282771)",13.5.2024,11:35,injured
"POINT (24.81811 42.0901)",15.10.2022,12:20,injured
"POINT (24.72102 42.09205)",2.12.2023,15:20,injured
"POINT (25.21924 42.09497)",1.12.2022,17:10,injured
"POINT (24.5962022667 42.0964313833)",21.10.2024,16:25,injured
"POINT (25.22957 42.09712)",17.3.2022,17:27,injured
"POINT (25.62591 42.09836)",7.8.2021,09:00,injured
"POINT (24.9060607833 42.0991703833)",24.2.2025,11:24,injured
"POINT (24.892860675 42.0999764152)",22.11.2024,16:00,injured
"POINT (24.7004564858 42.1019583477)",30.9.2024,17:00,injured
"POINT (24.48609 42.10533)",24.12.2022,13:30,injured
"POINT (25.2242174 42.1064183833)",14.1.2024,18:30,unharmed
"POINT (24.70802 42.11046)",30.9.2023,14:30,injured
"POINT (24.7139436 42.1178514)",10.10.2024,09:35,injured
"POINT (24.73521 42.11823)",5.9.2022,13:45,injured
"POINT (24.75518 42.12246)",29.6.2022,17:50,injured
"POINT (24.7738718365 42.1226848283)",21.3.2025,16:45,injured
"POINT (27.42584 42.1228)",25.10.2023,11:40,injured
"POINT (24.7397166444 42.1238395994)",31.3.2024,20:40,unharmed
"POINT (23.2080819836 42.1239124519)",9.9.2024,18:15,injured
"POINT (24.7376289148 42.1239927273)",10.2.2024,12:56,unharmed
"POINT (24.7407638433 42.1241909812)",2.5.2024,11:20,unharmed
"POINT (24.7330070629 42.1266002041)",30.9.2024,14:25,unharmed
"POINT (24.7419448708 42.1267178631)",15.8.2024,18:30,unharmed
"POINT (24.7296955586 42.1272116159)",2.3.2024,17:55,injured
"POINT (24.7699410578 42.1274996416)",4.7.2024,14:50,injured
"POINT (24.76982 42.12759)",17.2.2023,17:35,injured
"POINT (24.7692203273 42.1290185891)",7.2.2024,15:47,injured
"POINT (24.78714 42.12944)",9.10.2023,08:30,injured
"POINT (24.77709 42.13051)",10.6.2022,19:45,injured
"POINT (25.04309 42.13175)",14.10.2022,07:00,injured
"POINT (24.69778 42.13195)",5.5.2023,17:40,injured
"POINT (24.47056 42.13324)",23.6.2023,12:30,injured
"POINT (24.7885688418 42.133661174)",11.11.2024,16:25,unharmed
"POINT (24.7351290988 42.1350461573)",22.2.2025,13:00,injured
"POINT (24.7632838 42.1352704)",4.9.2024,16:20,unharmed
"POINT (24.76376 42.13552)",8.4.2022,07:20,injured
"POINT (24.74195 42.13565)",19.9.2022,18:25,injured
"POINT (24.5336121833 42.1356706833)",1.11.2024,07:55,injured
"POINT (24.7575 42.13647)",5.5.2022,12:00,injured
"POINT (24.5337022 42.1369121833)",19.12.2024,13:20,injured
"POINT (24.7639209889 42.1373634954)",10.6.2024,11:40,unharmed
"POINT (24.76892 42.13779)",21.6.2022,08:30,injured
"POINT (24.79094 42.13843)",27.5.2022,11:50,injured
"POINT (24.7123 42.13869)",7.10.2022,18:40,injured
"POINT (24.73846 42.1387)",30.5.2022,10:50,injured
"POINT (24.790748 42.138844)",23.3.2024,21:10,unharmed
"POINT (24.790748 42.138844)",23.3.2024,21:10,injured
"POINT (24.71233 42.13912)",28.2.2022,19:00,injured
"POINT (24.74674 42.14037)",6.10.2022,21:20,injured
"POINT (24.7950861119 42.1404008784)",9.4.2024,07:45,unharmed
"POINT (24.7352713331 42.1407315858)",8.5.2024,07:40,unharmed
"POINT (24.73772 42.14113)",22.10.2023,18:45,unharmed
"POINT (24.71968 42.14177)",2.10.2022,14:00,injured
"POINT (24.74255 42.14225)",17.8.2023,18:30,injured
"POINT (24.78247 42.14229)",13.7.2022,17:40,injured
"POINT (24.74445 42.14249)",24.5.2022,16:20,injured
"POINT (23.59473748 42.142798)",13.10.2024,12:15,injured
"POINT (24.7325174083 42.1428879553)",30.1.2025,07:45,unharmed
"POINT (24.7327107383 42.1429735401)",27.3.2024,11:30,injured
"POINT (24.7850585676 42.1433807422)",4.3.2024,13:25,injured
"POINT (24.74125 42.14456)",22.6.2022,09:55,injured
"POINT (24.74125 42.14456)",22.6.2022,09:55,injured
"POINT (24.28944 42.14536)",14.7.2021,17:06,died
"POINT (25.20649 42.14559)",24.6.2022,14:10,injured
"POINT (24.72575 42.14647)",13.9.2022,10:20,injured
"POINT (24.72541 42.14698)",21.9.2022,12:10,injured
"POINT (24.80389 42.14724)",9.3.2023,14:45,injured
"POINT (24.765883 42.147247)",27.11.2024,18:20,unharmed
"POINT (24.72009 42.14729)",18.4.2023,12:40,injured
"POINT (24.77012 42.14739)",29.9.2023,20:22,injured
"POINT (24.72872 42.14742)",14.10.2022,13:08,injured
"POINT (24.7292588827 42.1475973323)",9.4.2024,17:50,injured
"POINT (24.7958757 42.1478403)",2.7.2024,06:05,injured
"POINT (24.78665 42.14833)",27.5.2022,12:30,injured
"POINT (24.78317 42.14849)",1.8.2022,16:20,injured
"POINT (24.7495 42.14915)",18.10.2023,19:41,injured
"POINT (24.8071898209 42.1497329748)",1.8.2024,09:45,injured
"POINT (24.29851805 42.1499008333)",15.1.2024,17:30,unharmed
"POINT (24.7753339695 42.1506137341)",6.6.2024,13:15,injured
"POINT (24.3021332583 42.1522055665)",17.3.2025,11:00,injured
"POINT (24.7611807138 42.153092366)",16.4.2024,13:00,injured
"POINT (25.3449034833 42.1544869167)",24.5.2024,19:10,died
"POINT (24.7310497829 42.1553159229)",14.3.2025,16:23,unharmed
"POINT (24.73064 42.15532)",15.6.2022,18:15,injured
"POINT (24.7310496154 42.1553841191)",29.7.2024,18:30,unharmed
"POINT (24.7485005867 42.1555174453)",27.5.2024,20:15,unharmed
"POINT (24.73129 42.15829)",6.7.2022,09:00,injured
"POINT (24.75689 42.15953)",31.7.2022,20:30,injured
"POINT (24.73832 42.15985)",26.8.2022,18:55,injured
"POINT (24.7313050312 42.1614568473)",13.6.2024,12:20,unharmed
"POINT (24.7429556914 42.1618103828)",18.2.2025,10:35,unharmed
"POINT (24.3164043 42.1711563667)",4.2.2025,16:10,unharmed
"POINT (24.3164043 42.1711563667)",4.2.2025,16:10,injured
"POINT (24.3206419 42.1728967333)",29.11.2024,18:35,injured
"POINT (26.57088 42.17369)",1.9.2023,14:06,unharmed
"POINT (26.57084 42.17535)",7.7.2021,11:30,unharmed
"POINT (24.35631 42.17538)",17.11.2021,16:40,injured
"POINT (26.57641 42.1793)",7.4.2022,12:30,unharmed
"POINT (26.57316 42.17983)",8.8.2022,19:00,injured
"POINT (24.33109 42.18586)",14.3.2021,19:00,injured
"POINT (24.2790211 42.1863126)",13.11.2024,19:35,died
"POINT (24.276756 42.186587)",27.8.2024,17:45,injured
"POINT (24.3342631333 42.1868538833)",30.3.2025,17:35,injured
"POINT (24.34443 42.18719)",24.7.2021,11:00,injured
"POINT (24.342963 42.187327)",12.6.2024,18:45,injured
"POINT (24.34384 42.18757)",25.10.2021,19:00,injured
"POINT (24.331427 42.188433)",24.8.2024,14:30,unharmed
"POINT (24.33785 42.18948)",4.10.2021,13:00,injured
"POINT (24.3413109333 42.1895651667)",4.4.2024,17:00,injured
"POINT (24.3414230179 42.1897634411)",15.3.2024,08:10,injured
"POINT (24.3310592833 42.1911813667)",19.4.2024,18:55,injured
"POINT (24.34224 42.19127)",4.10.2021,10:15,injured
"POINT (24.32997 42.19466)",9.6.2021,19:20,injured
"POINT (25.31277 42.1951)",5.3.2021,10:30,injured
"POINT (24.34090825 42.1986849667)",25.12.2024,12:50,injured
"POINT (25.04335 42.20349)",30.9.2022,19:32,injured
"POINT (24.32728 42.20406)",14.10.2021,20:00,died
"POINT (24.3309431833 42.2072737833)",5.8.2024,07:40,injured
"POINT (24.15776 42.21368)",9.8.2021,05:30,injured
"POINT (24.12735 42.21414)",26.9.2021,11:21,injured
"POINT (24.15963 42.21476)",13.7.2022,16:00,injured
"POINT (24.81955 42.22719)",25.4.2022,21:00,died
"POINT (24.6877950292 42.2368516315)",31.8.2024,20:30,unharmed
"POINT (27.734644971 42.2600446521)",24.6.2024,19:00,injured
"POINT (24.88122 42.26053)",21.10.2023,23:50,injured
"POINT (24.88633 42.26244)",19.8.2022,21:15,injured
"POINT (27.7410310674 42.2635273638)",14.9.2024,15:50,injured
"POINT (24.89283 42.26473)",28.7.2022,21:40,injured
"POINT (24.53535 42.26763)",15.1.2021,07:50,injured
"POINT (24.5504160475 42.2682743675)",18.12.2024,08:05,injured
"POINT (22.6579070471 42.2734289436)",1.5.2024,16:15,injured
"POINT (24.9304428529 42.2743097717)",30.10.2024,08:00,injured
"POINT (22.66812 42.27517)",30.8.2023,08:00,injured
"POINT (25.6681994256 42.2751856057)",13.2.2025,14:30,injured
"POINT (22.6918 42.27937)",27.9.2022,15:20,injured
"POINT (24.9546072 42.2820001)",2.7.2024,15:15,injured
"POINT (24.9405373782 42.2822735551)",15.11.2024,10:21,died
"POINT (24.9570673897 42.2830105852)",23.9.2024,19:50,injured
"POINT (22.68456 42.28319)",11.7.2022,09:40,injured
"POINT (22.7024231452 42.2848446883)",29.10.2024,09:20,unharmed
"POINT (24.96101 42.28514)",27.2.2021,12:15,injured
"POINT (23.5340191 42.2853852)",26.10.2024,11:54,injured
"POINT (22.71339 42.28714)",2.5.2023,11:33,injured
"POINT (24.2309375667 42.2880857)",6.5.2024,16:40,injured
"POINT (24.96549 42.28848)",3.6.2022,17:15,injured
"POINT (22.70183 42.29302)",26.6.2023,19:05,injured
"POINT (22.70478 42.29456)",9.7.2023,15:40,injured
"POINT (22.7154793856 42.2987351151)",1.11.2024,17:55,injured
"POINT (24.7631 42.32464)",28.10.2022,11:08,injured
"POINT (24.7514024 42.3345235)",18.4.2024,20:35,injured
"POINT (24.80281 42.3366)",18.8.2022,17:00,injured
"POINT (23.5563708 42.3371096)",14.11.2024,17:10,injured
"POINT (24.8120928 42.3374783333)",14.9.2024,18:17,injured
"POINT (25.0834744848 42.3377658475)",2.4.2024,20:58,injured
"POINT (27.19064 42.34218)",24.12.2021,19:10,injured
"POINT (23.4851145 42.342928)",6.2.2024,13:25,died
"POINT (23.56616 42.34502)",23.5.2021,10:30,injured
"POINT (23.441878 42.345718)",21.11.2024,17:30,injured
"POINT (24.48712 42.34653)",16.10.2021,10:20,died
"POINT (27.19342 42.35103)",27.8.2021,19:20,injured
"POINT (27.29385 42.3921)",11.11.2021,15:50,died
"POINT (27.26518447 42.39412036)",29.6.2024,23:00,injured
"POINT (25.6012432861 42.4164108652)",29.5.2024,16:46,injured
"POINT (27.6939998333 42.4182847667)",23.8.2024,20:50,unharmed
"POINT (25.6303786028 42.4223954202)",19.7.2024,14:50,injured
"POINT (25.6203121984 42.4230784527)",8.7.2024,17:45,injured
"POINT (24.78167 42.42508)",28.8.2023,23:10,injured
"POINT (25.60521 42.42674)",25.2.2021,19:00,injured
"POINT (24.24298 42.42929)",20.7.2022,13:40,died
"POINT (25.63797 42.43127)",19.1.2021,09:15,unharmed
"POINT (25.6436077833 42.4313412167)",16.8.2024,16:38,injured
"POINT (25.6370918667 42.4328561167)",20.10.2024,14:10,unharmed
"POINT (23.8170926407 42.4417640339)",12.6.2024,11:10,injured
"POINT (27.4234196 42.463393)",21.6.2024,17:10,injured
"POINT (27.43298 42.46601)",20.1.2023,14:52,unharmed
"POINT (27.42713 42.47206)",4.10.2021,14:46,injured
"POINT (27.4350153595 42.4734322123)",20.3.2025,08:19,injured
"POINT (26.5207 42.47544)",12.9.2021,13:30,unharmed
"POINT (26.52037 42.47564)",8.4.2022,19:45,unharmed
"POINT (26.4817 42.47626)",25.5.2022,17:09,unharmed
"POINT (26.48724 42.47651)",21.6.2022,10:57,injured
"POINT (27.4441638484 42.47654629)",15.4.2024,18:08,injured
"POINT (26.51983 42.47656)",19.9.2023,12:15,unharmed
"POINT (26.51905 42.47718)",21.9.2021,08:30,unharmed
"POINT (26.51822 42.47805)",4.8.2023,15:40,injured
"POINT (26.51086 42.48325)",25.10.2023,13:07,injured
"POINT (27.3794587196 42.485494321)",5.3.2025,08:31,unharmed
"POINT (26.50744 42.48559)",14.5.2021,16:01,unharmed
"POINT (26.51132 42.48758)",6.5.2023,10:35,unharmed
"POINT (26.50671 42.48828)",14.11.2023,04:55,injured
"POINT (26.49828 42.48989)",24.10.2022,19:39,injured
"POINT (26.493 42.49125)",14.6.2021,07:55,injured
"POINT (26.493 42.49125)",14.6.2021,07:55,unharmed
"POINT (26.0108 42.49127)",17.2.2023,13:25,injured
"POINT (27.466592 42.4912729)",18.8.2024,18:51,injured
"POINT (27.4609198592 42.4915797974)",28.2.2025,18:45,unharmed
"POINT (27.4612501945 42.4918220234)",17.3.2025,17:52,injured
"POINT (26.51357 42.49183)",16.7.2023,23:49,unharmed
"POINT (26.0067660482 42.4918339266)",16.11.2024,10:20,injured
"POINT (26.51354995 42.4920678333)",4.3.2024,13:20,unharmed
"POINT (26.0084162432 42.4923077804)",11.3.2024,10:05,injured
"POINT (26.00834 42.49241)",17.8.2022,10:20,injured
"POINT (26.0110307936 42.4967271253)",15.1.2024,07:55,unharmed
"POINT (27.47378 42.49881)",20.7.2021,19:22,injured
"POINT (27.47609 42.49916)",10.5.2022,08:52,injured
"POINT (27.477735 42.500911)",22.6.2024,18:26,unharmed
"POINT (26.51826 42.50387)",27.5.2022,07:55,injured
"POINT (24.18462 42.50457)",4.12.2021,15:00,injured
"POINT (24.18462 42.50457)",4.12.2021,15:00,injured
"POINT (24.1848002333 42.5047008)",13.9.2024,19:00,injured
"POINT (27.47784 42.50474)",6.8.2021,17:28,injured
"POINT (27.46587 42.50736)",5.8.2021,18:35,injured
"POINT (27.4464 42.51203)",21.6.2021,07:47,injured
"POINT (27.47406 42.51246)",30.12.2022,08:00,injured
"POINT (27.4657785667 42.5132257)",11.9.2024,00:18,injured
"POINT (27.4659 42.51422)",14.4.2022,07:55,injured
"POINT (27.4638978874 42.5145035205)",30.5.2024,10:28,unharmed
"POINT (27.45063 42.51544)",13.2.2023,17:35,injured
"POINT (26.4821738229 42.5165530505)",5.1.2024,18:11,injured
"POINT (26.05865 42.52086)",18.1.2021,17:50,injured
"POINT (27.43642 42.52199)",9.11.2021,15:24,unharmed
"POINT (27.4525706842 42.5257921901)",14.3.2025,18:17,unharmed
"POINT (27.456959 42.529869)",6.3.2024,15:10,unharmed
"POINT (25.5597209167 42.5486786333)",9.4.2024,09:00,injured
"POINT (23.4455660823 42.5529512425)",8.7.2024,18:30,died
"POINT (27.64023 42.55745)",5.10.2021,08:20,unharmed
"POINT (27.63926 42.55753)",25.9.2022,10:30,injured
"POINT (27.637 42.56034)",19.5.2023,13:00,injured
"POINT (26.37449 42.56372)",22.6.2021,14:30,injured
"POINT (27.6297760901 42.5639928095)",30.6.2024,19:05,unharmed
"POINT (27.6107159832 42.5656481729)",18.3.2025,13:40,unharmed
"POINT (27.610735 42.56775)",19.12.2024,14:55,injured
"POINT (27.6139230063 42.5687668755)",7.3.2024,14:20,injured
"POINT (26.31038 42.57274)",12.7.2022,11:45,injured
"POINT (27.29587 42.57334)",1.8.2022,11:30,injured
"POINT (27.29497 42.57847)",2.7.2021,12:49,injured
"POINT (23.35243 42.58168)",5.7.2021,12:40,unharmed
"POINT (26.37144 42.58934)",13.11.2023,10:00,injured
"POINT (25.2094097833 42.5953593)",28.9.2024,16:55,injured
"POINT (26.68915 42.59966)",22.5.2021,12:47,injured
"POINT (23.59707 42.60552)",19.5.2022,17:25,injured
"POINT (23.113006482 42.6062095692)",14.7.2024,18:30,unharmed
"POINT (23.0385659 42.6080456)",16.10.2024,18:09,injured
"POINT (23.0984431145 42.6085464609)",10.4.2024,16:40,injured
"POINT (25.366777 42.615269)",16.11.2024,19:10,unharmed
"POINT (25.4267539 42.6156106167)",18.12.2024,14:30,injured
"POINT (23.40173 42.61641)",22.6.2023,11:30,unharmed
"POINT (23.40173 42.61641)",22.6.2023,11:30,injured
"POINT (25.37629 42.61742)",15.1.2024,17:02,unharmed
"POINT (25.3704340833 42.6175254333)",30.5.2024,20:50,died
"POINT (25.40271225 42.6189254667)",13.3.2025,16:47,unharmed
"POINT (25.40441 42.62073)",5.1.2021,07:20,injured
"POINT (25.40252 42.62161)",18.6.2024,07:20,injured
"POINT (25.394387 42.62163)",11.1.2024,19:00,unharmed
"POINT (25.3885843 42.62183645)",25.8.2024,17:40,unharmed
"POINT (25.3899663833 42.6221363)",28.5.2024,09:35,injured
"POINT (23.39734 42.62284)",30.9.2023,17:45,unharmed
"POINT (25.389483 42.623109)",17.9.2024,16:30,injured
"POINT (23.40536 42.62344)",3.10.2023,18:50,injured
"POINT (25.79798 42.62485)",27.3.2021,15:40,injured
"POINT (26.27541 42.62828)",11.7.2022,07:45,injured
"POINT (26.2898754251 42.6285400671)",5.8.2024,17:50,injured
"POINT (23.3123049713 42.6409703315)",28.1.2025,15:19,injured
"POINT (23.28611 42.64238)",8.9.2021,13:50,unharmed
"POINT (23.2861 42.64248)",10.8.2021,11:00,unharmed
"POINT (23.3137684545 42.6446084126)",8.6.2024,10:30,injured
"POINT (23.37509 42.64462)",27.8.2021,14:00,injured
"POINT (23.26466 42.64567)",7.9.2021,18:30,injured
"POINT (26.11405 42.64687)",28.7.2022,23:27,died
"POINT (26.98253 42.64805)",9.8.2023,13:58,injured
"POINT (23.38014 42.64808)",25.4.2023,14:27,unharmed
"POINT (26.3304234651 42.6493012496)",23.9.2024,07:15,unharmed
"POINT (27.64691 42.6497)",15.9.2022,18:40,unharmed
"POINT (23.62931 42.6503)",2.10.2021,12:20,injured
"POINT (26.98022 42.65107)",27.4.2023,16:47,injured
"POINT (23.3164700354 42.6512622139)",28.4.2024,12:00,injured
"POINT (23.3563116961 42.6513934811)",16.6.2024,20:15,injured
"POINT (23.2658706235 42.6514633127)",26.9.2024,13:45,injured
"POINT (23.3470904326 42.6528767011)",12.4.2024,19:40,unharmed
"POINT (23.3695900917 42.6545565835)",5.1.2024,09:00,unharmed
"POINT (23.3159198167 42.6569745833)",28.2.2025,09:07,injured
"POINT (23.3538960151 42.657317217)",21.2.2025,13:30,unharmed
"POINT (23.34976 42.65742)",27.4.2022,07:30,injured
"POINT (27.70218126 42.65821693)",18.9.2024,20:42,injured
"POINT (27.70218126 42.65821693)",18.9.2024,20:42,injured
"POINT (23.30024 42.65856)",11.4.2021,17:30,injured
"POINT (23.34844 42.65885)",15.6.2021,14:00,injured
"POINT (26.50592 42.65893)",25.9.2022,13:00,injured
"POINT (23.37312 42.66016)",16.5.2022,17:00,injured
"POINT (23.59254 42.66019)",9.2.2021,09:45,died
"POINT (26.46161 42.66084)",17.7.2023,17:00,injured
"POINT (23.2729635341 42.6608736802)",1.11.2024,15:15,injured
"POINT (23.29548 42.66122)",30.10.2023,14:55,unharmed
"POINT (23.29439 42.66144)",20.7.2023,20:15,injured
"POINT (23.3561379915 42.6627074338)",7.3.2025,18:05,unharmed
"POINT (26.33433 42.66303)",11.2.2023,15:26,injured
"POINT (23.45701 42.66312)",23.8.2022,21:00,injured
"POINT (23.29123 42.66314)",14.3.2023,08:45,unharmed
"POINT (23.2855460046 42.6634282533)",15.1.2025,13:11,unharmed
"POINT (23.3756 42.66378)",13.10.2022,17:45,unharmed
"POINT (23.34842 42.66433)",4.8.2021,09:50,unharmed
"POINT (26.2994 42.66437)",20.7.2023,17:45,injured
"POINT (23.34376 42.66443)",24.8.2022,08:10,unharmed
"POINT (23.34376 42.66443)",24.8.2022,08:10,injured
"POINT (23.3435609439 42.6645914937)",3.4.2025,12:30,unharmed
"POINT (23.29027 42.66477)",20.9.2022,10:50,injured
"POINT (27.71519 42.66525)",20.8.2023,08:53,injured
"POINT (23.35459 42.66538)",12.6.2023,21:15,injured
"POINT (23.3154746142 42.6656312134)",9.4.2024,14:00,unharmed
"POINT (23.2847743108 42.6658625741)",9.4.2025,18:40,unharmed
"POINT (23.29006 42.66642)",1.11.2022,08:30,injured
"POINT (23.35778 42.66646)",17.10.2022,13:30,injured
"POINT (23.35926 42.66692)",27.5.2022,19:10,injured
"POINT (23.35941 42.66706)",6.9.2022,10:10,injured
"POINT (26.3353981794 42.6673945956)",23.10.2024,17:50,injured
"POINT (26.3353981794 42.6673945956)",23.10.2024,17:50,injured
"POINT (23.32569 42.6675)",24.2.2024,19:15,injured
"POINT (23.35998 42.6676)",8.4.2023,15:34,injured
"POINT (23.27606 42.66763)",21.6.2023,07:55,unharmed
"POINT (23.26754 42.66829)",28.10.2021,07:30,unharmed
"POINT (23.2915279167 42.6688180833)",3.11.2024,00:15,injured
"POINT (26.3287203965 42.6702284733)",17.6.2024,18:35,injured
"POINT (23.35256 42.67072)",19.5.2021,15:00,unharmed
"POINT (23.29553 42.67106)",23.1.2023,19:30,unharmed
"POINT (23.25149 42.67189)",31.7.2021,00:19,injured
"POINT (23.38705 42.67207)",8.12.2023,13:30,unharmed
"POINT (23.3918256314 42.6724245357)",6.3.2025,17:10,injured
"POINT (23.36277 42.67297)",31.3.2021,08:05,injured
"POINT (26.3290076828 42.6729883746)",19.6.2024,09:10,unharmed
"POINT (23.363 42.67308)",30.3.2023,17:15,unharmed
"POINT (23.037 42.85856)",28.7.2023,21:00,injured
"POINT (25.317 42.87934)",5.5.2022,16:05,unharmed
"POINT (24.741 42.16566)",24.8.2022,18:05,injured
"POINT (26.33889 42.67361)",23.4.2021,16:00,injured
"POINT (23.35512 42.67388)",15.10.2022,12:40,unharmed
"POINT (23.38192 42.67434)",28.7.2023,20:10,injured
"POINT (23.31047 42.67455)",14.2.2023,18:12,unharmed
"POINT (23.29544 42.67519)",11.7.2022,17:00,unharmed
"POINT (23.2302000153 42.675753479)",28.4.2024,20:35,injured
"POINT (23.28017 42.67612)",28.9.2023,10:45,injured
"POINT (23.28815 42.67617)",29.6.2022,10:10,unharmed
"POINT (23.2952157785 42.6764274622)",9.2.2024,10:18,injured
"POINT (23.2897068942 42.6770853269)",22.2.2024,22:15,unharmed
"POINT (23.29748 42.67741)",12.5.2022,22:40,unharmed
"POINT (23.36703 42.67777)",15.3.2022,13:20,unharmed
"POINT (23.31882 42.67781)",29.11.2021,18:35,unharmed
"POINT (26.32704 42.67791)",18.6.2022,11:45,unharmed
"POINT (26.32641 42.67794)",6.1.2024,07:05,injured
"POINT (27.7063267667 42.6779495667)",13.12.2024,15:15,injured
"POINT (26.32573 42.67801)",20.7.2023,17:30,injured
"POINT (22.8691120472 42.6781276634)",21.11.2024,19:40,unharmed
"POINT (23.3271870959 42.6781370669)",7.5.2024,21:40,injured
"POINT (26.31544 42.67829)",1.5.2022,11:30,injured
"POINT (23.2981083348 42.6784044165)",6.11.2024,07:15,injured
"POINT (23.2981083348 42.6784044165)",6.11.2024,07:15,injured
"POINT (23.29892 42.67887)",4.12.2022,12:00,injured
"POINT (23.32179 42.6792)",1.3.2021,18:30,injured
"POINT (23.46163 42.6795)",29.4.2023,11:30,injured
"POINT (23.30618 42.68003)",14.4.2023,21:15,injured
"POINT (26.31209 42.68138)",18.9.2023,17:05,injured
"POINT (23.3205956447 42.6818399814)",14.10.2024,16:25,unharmed
"POINT (25.9744886 42.6819465333)",11.10.2024,08:50,injured
"POINT (23.57011 42.6826)",21.7.2022,19:00,unharmed
"POINT (26.32083 42.68298)",7.5.2022,09:15,injured
"POINT (23.35998 42.6839)",8.6.2022,15:10,unharmed
"POINT (23.31984 42.6844)",16.12.2021,14:45,unharmed
"POINT (23.3125009 42.6849229)",30.10.2024,17:00,injured
"POINT (23.32622 42.68507)",20.6.2022,09:20,injured
"POINT (23.32622 42.68507)",20.6.2022,09:20,injured
"POINT (23.3297303737 42.6851049309)",21.5.2024,20:20,unharmed
"POINT (27.70587 42.68523)",30.7.2021,08:00,injured
"POINT (26.33055 42.68646)",9.7.2022,15:45,injured
"POINT (23.32933 42.68659)",30.10.2022,20:40,unharmed
"POINT (27.19450845 42.6866119167)",11.12.2024,13:00,injured
"POINT (23.35128 42.68666)",28.10.2021,07:30,injured
"POINT (27.7 42.68707)",8.5.2022,19:12,injured
"POINT (26.33128 42.68713)",17.7.2022,08:35,unharmed
"POINT (23.31136 42.68781)",3.7.2023,14:55,unharmed
"POINT (23.7104515021 42.6883012172)",3.4.2025,16:40,injured
"POINT (23.36188 42.68916)",20.5.2022,16:50,injured
"POINT (23.31371 42.68952)",12.7.2021,22:34,injured
"POINT (23.30681 42.6898)",6.7.2023,21:50,injured
"POINT (23.3070519708 42.6899682303)",13.6.2024,14:15,unharmed
"POINT (23.3071 42.69002)",28.3.2023,07:28,injured
"POINT (23.3069601833 42.6900327)",16.8.2024,19:15,unharmed
"POINT (23.30768 42.69011)",15.4.2022,20:00,injured
"POINT (26.34018 42.69016)",7.6.2021,16:40,injured
"POINT (27.70435 42.69041)",28.6.2023,12:15,unharmed
"POINT (23.3068 42.69043)",3.11.2022,20:20,unharmed
"POINT (23.3376299167 42.6906021833)",20.11.2024,19:37,unharmed
"POINT (23.24019 42.6907)",9.8.2023,19:20,unharmed
"POINT (23.3385 42.69079)",15.6.2021,15:15,injured
"POINT (23.3115112756 42.6913829613)",2.4.2025,13:40,unharmed
"POINT (26.33104 42.69171)",19.3.2022,18:30,injured
"POINT (23.33577 42.69208)",1.8.2023,22:30,injured
"POINT (23.2954166004 42.6925059162)",22.6.2024,14:20,unharmed
"POINT (23.38191 42.69255)",3.8.2023,12:20,injured
"POINT (23.28266 42.69262)",26.7.2022,18:00,injured
"POINT (23.2642689379 42.6927740904)",6.8.2024,13:00,injured
"POINT (23.3124438333 42.6932168)",21.2.2024,11:15,injured
"POINT (23.2944 42.69448)",12.9.2023,17:30,unharmed
"POINT (23.329577 42.6954379667)",14.1.2025,19:56,unharmed
"POINT (23.3637064667 42.69566835)",8.5.2024,01:00,unharmed
"POINT (23.5419 42.69577)",2.7.2023,15:00,injured
"POINT (23.28631 42.69606)",7.6.2022,18:50,unharmed
"POINT (23.35436 42.69733)",27.4.2021,17:30,injured
"POINT (23.31205 42.6975)",20.8.2021,10:25,injured
"POINT (23.3215941507 42.6975114047)",20.11.2024,19:28,unharmed
"POINT (23.36099 42.69801)",24.1.2022,18:00,unharmed
"POINT (23.3192538753 42.6983305666)",18.9.2024,11:20,injured
"POINT (23.3112 42.69841)",6.6.2021,01:50,unharmed
"POINT (23.33346 42.69846)",8.7.2022,16:00,unharmed
"POINT (23.3610050333 42.6984601)",1.9.2024,21:00,injured
"POINT (23.33314 42.69867)",12.9.2021,19:20,injured
"POINT (23.3363080257 42.6986855055)",7.4.2024,19:45,unharmed
"POINT (23.3364322474 42.6987955756)",16.4.2024,11:30,injured
"POINT (23.32578 42.69884)",29.8.2023,11:50,injured
"POINT (23.30805 42.69889)",28.9.2022,19:30,injured
"POINT (23.29547 42.69892)",7.5.2023,20:00,injured
"POINT (23.32169 42.69893)",4.4.2022,18:00,unharmed
"POINT (23.361630253 42.6990500396)",10.9.2024,21:30,injured
"POINT (23.23046 42.69934)",15.6.2022,16:07,unharmed
"POINT (23.3464070195 42.6996540853)",7.4.2024,10:30,injured
"POINT (27.2527 42.69966)",12.8.2022,16:42,injured
"POINT (23.31176 42.69975)",16.5.2022,13:30,unharmed
"POINT (27.71381 42.69984)",27.8.2022,14:40,unharmed
"POINT (23.29355 42.70112)",13.8.2023,14:35,unharmed
"POINT (23.32188 42.70143)",4.10.2021,19:10,unharmed
"POINT (27.23815 42.70157)",23.7.2021,18:20,died
"POINT (23.28011 42.70161)",4.11.2021,22:40,unharmed
"POINT (27.2517157667 42.7017821667)",19.6.2024,16:35,injured
"POINT (23.3047967651 42.7021704016)",1.3.2024,15:50,unharmed
"POINT (27.25179 42.70232)",14.7.2022,13:00,injured
"POINT (23.3149433161 42.7025120334)",12.11.2024,18:20,unharmed
"POINT (23.32321 42.7027)",26.7.2022,17:40,injured
"POINT (23.312894 42.7030888333)",15.11.2024,13:20,unharmed
"POINT (23.33062 42.70316)",26.4.2023,10:30,unharmed
"POINT (23.3298309219 42.7042111403)",27.7.2024,13:15,injured
"POINT (27.2491301 42.7045914)",9.4.2024,10:30,injured
"POINT (23.31862 42.70505)",18.8.2021,12:30,injured
"POINT (23.32955 42.70522)",1.6.2022,14:15,injured
"POINT (23.31336 42.70528)",31.1.2022,00:30,injured
"POINT (23.33346 42.70538)",15.2.2022,17:55,unharmed
"POINT (23.3088132 42.7056707667)",7.3.2025,14:10,injured
"POINT (23.30154 42.70609)",25.10.2022,18:20,injured
"POINT (23.4600651585 42.7091198299)",6.3.2025,21:50,injured
"POINT (23.25916 42.70989)",10.8.2021,07:30,injured
"POINT (27.25311 42.71003)",4.8.2022,19:45,injured
"POINT (27.73072 42.71025)",23.4.2021,08:00,injured
"POINT (23.2438 42.71065)",7.7.2021,18:15,injured
"POINT (23.27068 42.71118)",10.12.2021,19:55,injured
"POINT (23.27068 42.71118)",10.12.2021,19:55,injured
"POINT (23.30255 42.71174)",28.5.2022,16:20,injured
"POINT (23.30255 42.71174)",28.5.2022,16:20,injured
"POINT (23.3197 42.71216)",25.7.2023,09:50,injured
"POINT (27.7218982 42.71264814)",7.2.2024,12:10,injured
"POINT (23.31587 42.71285)",10.11.2023,19:45,injured
"POINT (27.34291685 42.7128971667)",4.4.2025,12:15,injured
"POINT (23.26233 42.71486)",24.7.2023,16:10,injured
"POINT (23.30962 42.71582)",23.11.2021,09:15,injured
"POINT (23.27422 42.71653)",1.6.2023,19:30,unharmed
"POINT (23.35322 42.71675)",15.8.2022,22:00,injured
"POINT (23.29276 42.71919)",23.7.2022,20:40,injured
"POINT (23.31122 42.72081)",25.2.2021,08:08,unharmed
"POINT (23.2588264667 42.7211616)",10.10.2024,12:00,injured
"POINT (23.3418187997 42.7215687131)",29.1.2025,07:40,injured
"POINT (23.2805791672 42.7216985313)",14.9.2024,20:25,unharmed
"POINT (23.768731 42.721718)",9.4.2024,16:30,injured
"POINT (23.27078 42.72197)",18.5.2023,09:20,injured
"POINT (23.2575395973 42.7223399767)",10.2.2025,13:38,unharmed
"POINT (23.2673872123 42.7236781943)",13.4.2024,22:10,unharmed
"POINT (23.30422 42.72439)",16.11.2022,08:10,unharmed
"POINT (23.30396 42.72496)",12.9.2022,15:30,injured
"POINT (23.3040954173 42.72515523)",5.4.2024,17:50,injured
"POINT (23.30427 42.72571)",1.8.2022,14:00,unharmed
"POINT (23.26563 42.72584)",28.7.2021,07:40,unharmed
"POINT (23.30279 42.72594)",3.4.2022,09:20,unharmed
"POINT (23.30279 42.72609)",12.9.2021,13:00,unharmed
"POINT (23.34181 42.72703)",3.7.2023,18:30,injured
"POINT (23.24709 42.72805)",3.8.2023,20:00,injured
"POINT (23.34433 42.72893)",25.8.2021,22:15,injured
"POINT (23.2995777027 42.7291850327)",14.10.2024,14:30,injured
"POINT (23.2965588615 42.7298066482)",29.3.2024,07:00,unharmed
"POINT (23.29745 42.73099)",13.8.2023,21:39,unharmed
"POINT (23.24338 42.7311)",31.7.2022,12:40,unharmed
"POINT (23.29026 42.73399)",8.9.2023,18:20,unharmed
"POINT (23.46888 42.73603)",28.7.2021,17:30,injured
"POINT (23.30273 42.73643)",27.6.2022,11:30,injured
"POINT (23.22685 42.74617)",14.10.2023,10:50,unharmed
"POINT (23.27568 42.75189)",13.7.2023,08:15,unharmed
"POINT (26.775646074 42.7638305285)",6.2.2024,09:10,injured
"POINT (23.40667 42.76809)",18.6.2023,13:20,injured
"POINT (23.40857 42.77142)",9.11.2022,12:40,injured
"POINT (23.21631 42.81102)",7.11.2022,14:30,unharmed
"POINT (23.22003 42.81247)",25.8.2023,19:40,unharmed
"POINT (23.19648 42.81478)",8.11.2023,08:15,unharmed
"POINT (23.19246 42.82806)",15.7.2021,19:05,unharmed
"POINT (24.92444 42.83219)",14.8.2023,08:30,injured
"POINT (23.1747831243 42.8374021536)",9.1.2025,07:52,injured
"POINT (25.3384941667 42.83863845)",27.6.2024,19:45,injured
"POINT (23.23636 42.84147)",18.6.2022,10:51,unharmed
"POINT (24.0028075 42.8415674)",10.12.2024,18:00,injured
"POINT (25.3393 42.84669)",15.4.2022,21:50,injured
"POINT (24.68941 42.85568)",9.10.2023,10:45,injured
"POINT (25.39969 42.85773)",25.6.2021,22:40,injured
"POINT (25.3181347 42.865446)",17.7.2024,21:00,injured
"POINT (25.28915 42.86685)",14.11.2021,17:30,unharmed
"POINT (25.30885 42.86732)",4.11.2021,14:30,injured
"POINT (25.3175 42.86857)",13.8.2021,09:00,unharmed
"POINT (25.31781 42.86875)",22.2.2022,11:10,injured
"POINT (25.30912 42.86972)",20.9.2022,12:50,injured
"POINT (27.8844 42.87067)",6.7.2023,20:15,unharmed
"POINT (25.31409 42.87098)",4.8.2021,17:40,unharmed
"POINT (25.3188 42.87222)",9.3.2023,17:00,injured
"POINT (24.6380799872 42.8735588934)",28.10.2024,18:23,died
"POINT (25.319688 42.875268)",10.2.2024,22:10,injured
"POINT (27.88852 42.87527)",30.7.2021,13:34,unharmed
"POINT (24.77651 42.87527)",15.7.2021,11:45,injured
"POINT (25.31907 42.87551)",10.6.2022,16:20,injured
"POINT (25.31672 42.87622)",4.1.2021,10:50,unharmed
"POINT (25.31676 42.87911)",21.4.2022,13:09,unharmed
"POINT (24.70927 42.87929)",26.9.2021,19:50,injured
"POINT (24.71228 42.87931)",27.3.2022,19:05,injured
"POINT (25.3128221167 42.8794139167)",1.7.2024,07:40,injured
"POINT (25.32092 42.87992)",20.1.2023,19:40,injured
"POINT (24.5998052414 42.8801034117)",18.9.2024,15:45,unharmed
"POINT (25.3164038 42.8808336167)",25.4.2024,11:50,unharmed
"POINT (25.31736 42.88084)",9.6.2023,15:20,injured
"POINT (25.31755 42.88529)",10.4.2023,08:55,injured
"POINT (24.7655188381 42.8855537161)",19.10.2024,16:33,injured
"POINT (25.3217399167 42.8857872833)",24.7.2024,16:55,injured
"POINT (24.7114777809 42.8873612312)",8.3.2025,15:10,injured
"POINT (24.70791 42.88806)",21.10.2023,19:45,injured
"POINT (25.32058 42.88828)",29.7.2022,16:50,injured
"POINT (24.62073 42.88934)",2.9.2023,18:25,injured
"POINT (24.71318 42.89001)",1.6.2023,11:40,injured
"POINT (25.31294 42.89179)",31.3.2021,11:40,unharmed
"POINT (25.3255788667 42.8919191667)",20.5.2024,09:00,injured
"POINT (24.71146 42.89273)",8.7.2022,18:23,unharmed
"POINT (24.70722 42.89335)",4.8.2022,18:30,injured
"POINT (24.70809 42.89349)",30.12.2023,14:00,injured
"POINT (24.71479 42.89994)",28.8.2022,11:50,injured
"POINT (24.71469 42.90137)",13.1.2023,07:24,injured
"POINT (23.78692 42.90208)",20.5.2022,21:31,injured
"POINT (25.24502 42.9047)",30.3.2021,11:20,injured
"POINT (23.7907969167 42.90641235)",10.6.2024,09:53,unharmed
"POINT (23.837348 42.913216)",10.7.2024,17:00,unharmed
"POINT (24.700281458 42.9280398103)",5.9.2024,20:15,unharmed
"POINT (23.769812 42.945975)",16.8.2024,20:00,injured
"POINT (25.12335 42.94723)",10.4.2021,19:28,unharmed
"POINT (25.1206592833 42.9486976667)",9.12.2024,16:30,injured
"POINT (25.02148 42.96006)",5.5.2021,19:20,injured
"POINT (25.02148 42.96006)",5.5.2021,19:20,injured
"POINT (25.10770145 42.97465795)",6.4.2024,21:35,injured
"POINT (24.68227 42.97503)",9.7.2021,15:25,injured
"POINT (27.79675 42.99088)",2.6.2021,13:20,injured
"POINT (26.67274253 42.99497015)",19.11.2024,12:40,injured
"POINT (27.71497 42.99805)",4.7.2023,08:30,injured
"POINT (26.5760397 43.0040986)",19.2.2023,19:55,injured
"POINT (27.6448316667 43.0155883333)",5.12.2024,17:30,injured
"POINT (25.09243 43.01891)",24.6.2021,18:55,died
"POINT (24.0953702931 43.0204160299)",5.9.2024,18:50,injured
"POINT (24.0953702931 43.0204160299)",5.9.2024,18:50,injured
"POINT (24.0953702931 43.0204160299)",5.9.2024,18:50,injured
"POINT (25.09749 43.02183)",13.10.2021,07:15,injured
"POINT (25.1087142 43.0225896667)",23.3.2024,12:00,unharmed
"POINT (25.09844 43.02294)",28.12.2023,17:00,unharmed
"POINT (24.008251 43.027573)",1.11.2024,14:20,injured
"POINT (24.008666 43.027974)",10.3.2025,11:30,injured
"POINT (25.09557 43.02798)",15.3.2022,17:30,unharmed
"POINT (24.007972 43.028929)",2.3.2025,18:00,injured
"POINT (25.09720855 43.0346662333)",1.5.2024,22:35,unharmed
"POINT (27.3460311167 43.0478141)",9.6.2024,11:05,injured
"POINT (27.3554522667 43.0495168833)",6.5.2024,08:55,injured
"POINT (27.3554522667 43.0495168833)",6.5.2024,08:55,injured
"POINT (27.3368680667 43.0563954167)",18.7.2024,20:55,injured
"POINT (26.69697 43.05677)",18.6.2022,19:00,injured
"POINT (27.86107 43.05679)",11.7.2022,08:45,injured
"POINT (27.01768 43.06526)",21.9.2023,07:45,injured
"POINT (25.61138 43.07602)",13.5.2021,23:15,injured
"POINT (25.62513 43.07636)",29.6.2022,12:20,injured
"POINT (25.63115 43.07778)",31.7.2021,20:25,injured
"POINT (25.62825 43.07883)",26.3.2023,05:15,injured
"POINT (26.55695 43.09674)",15.8.2021,13:47,injured
"POINT (25.70095 43.11733)",6.6.2022,18:20,injured
"POINT (24.6440506833 43.1258718)",8.9.2024,19:16,injured
"POINT (24.71538 43.13235)",9.11.2023,08:25,injured
"POINT (24.70751 43.13705)",18.7.2021,10:20,injured
"POINT (24.71609 43.13832)",30.6.2021,10:05,injured
"POINT (26.6073062 43.1396325)",26.7.2023,22:22,injured
"POINT (24.71824 43.1411)",26.8.2022,17:20,injured
"POINT (23.70904 43.14536)",4.10.2021,14:30,unharmed
"POINT (24.7157373 43.1503342833)",9.8.2024,08:50,unharmed
"POINT (25.663092832 43.1512581294)",17.10.2024,15:20,injured
"POINT (25.6534105481 43.1530603822)",7.6.2024,19:35,injured
"POINT (24.14873505 43.1572584333)",31.3.2024,13:00,injured
"POINT (26.815011515 43.1587598408)",16.6.2024,21:10,injured
"POINT (24.72203 43.15904)",23.4.2021,15:30,injured
"POINT (27.93735 43.16197)",22.5.2023,21:22,unharmed
"POINT (26.82035 43.16216)",9.6.2023,19:30,injured
"POINT (25.57654 43.17696)",6.9.2021,18:35,injured
"POINT (27.89601 43.1787266667)",8.1.2025,06:40,injured
"POINT (27.89688 43.17946)",13.8.2021,08:30,injured
"POINT (27.89542 43.18006)",31.8.2022,17:29,injured
"POINT (27.89542 43.18006)",31.8.2022,17:29,injured
"POINT (27.4449941667 43.1805378667)",9.4.2024,12:22,injured
"POINT (27.9014 43.18239)",27.2.2021,13:30,injured
"POINT (27.88996 43.18263)",16.6.2021,18:08,injured
"POINT (27.88996 43.18263)",16.6.2021,18:08,injured
"POINT (27.89263 43.18371)",4.8.2021,09:20,injured
"POINT (27.8891234568 43.1846583333)",18.8.2024,19:40,injured
"POINT (27.87275 43.18484)",26.5.2021,11:43,injured
"POINT (27.88117 43.18508)",12.7.2021,19:30,injured
"POINT (23.72631 43.1854)",7.9.2021,18:20,injured
"POINT (27.921845 43.187274)",9.8.2024,22:45,unharmed
"POINT (23.53701 43.19174)",22.7.2021,19:30,unharmed
"POINT (27.70838 43.19193)",8.1.2023,06:55,injured
"POINT (23.5665151 43.1928323833)",15.3.2024,09:45,injured
"POINT (24.1019849 43.19350715)",21.4.2024,16:35,injured
"POINT (27.71323 43.19365)",29.1.2023,10:24,injured
"POINT (27.9174686819 43.1965652127)",28.4.2024,23:15,unharmed
"POINT (27.9174686819 43.1965652127)",28.4.2024,23:15,injured
"POINT (23.55949 43.19982)",4.6.2021,16:50,injured
"POINT (27.91455 43.20259)",10.4.2021,17:10,injured
"POINT (27.8003133024 43.2047440388)",7.7.2024,20:40,injured
"POINT (27.9083820554 43.2049752777)",30.11.2024,12:30,injured
"POINT (27.9099906484 43.2050126391)",27.3.2024,16:25,injured
"POINT (27.90657 43.20521)",30.8.2021,13:05,injured
"POINT (23.5482623 43.20540475)",25.1.2025,11:05,injured
"POINT (27.9107465788 43.205409)",5.6.2024,16:20,injured
"POINT (25.310652 43.205536)",14.2.2024,22:00,injured
"POINT (24.15869 43.20606)",18.9.2021,18:30,injured
"POINT (27.898215337 43.2069837419)",5.7.2024,17:20,injured
"POINT (27.91238 43.20762)",17.11.2021,12:45,injured
"POINT (27.9188654984 43.208494382)",26.11.2024,11:50,injured
"POINT (27.9185656374 43.2086352215)",1.10.2024,15:30,injured
"POINT (27.91782 43.20878)",8.11.2021,12:30,unharmed
"POINT (27.9049415 43.2093292)",21.5.2024,01:10,injured
"POINT (27.8879922936 43.209548777)",6.1.2025,12:48,injured
"POINT (27.913906799 43.2095488235)",12.4.2024,18:45,injured
"POINT (27.9410584013 43.2101975763)",6.7.2024,07:50,injured
"POINT (27.9173054953 43.2111091816)",10.6.2024,22:18,injured
"POINT (27.86281 43.21127)",23.3.2022,14:25,unharmed
"POINT (27.8871110485 43.2113544415)",16.1.2025,08:30,injured
"POINT (27.9181568227 43.2116417293)",5.3.2024,10:30,injured
"POINT (27.9071 43.21179)",23.6.2021,15:11,injured
"POINT (27.9557010448 43.211835359)",26.1.2025,16:26,injured
"POINT (26.5620547 43.2118613)",30.4.2023,13:00,died
"POINT (27.9157993959 43.2122854483)",17.4.2024,16:43,injured
"POINT (27.9117683411 43.2131151649)",3.10.2024,17:10,injured
"POINT (27.90889 43.21318)",12.9.2021,16:55,injured
"POINT (27.9285576603 43.213292485)",18.7.2024,13:20,injured
"POINT (27.90859 43.21342)",5.2.2021,07:50,injured
"POINT (26.9436 43.21353)",21.1.2023,17:50,died
"POINT (27.89838 43.21367)",22.12.2023,13:50,injured
"POINT (27.9006478896 43.2138913635)",22.3.2024,11:40,injured
"POINT (27.9159496016 43.2139198893)",7.7.2024,20:10,injured
"POINT (27.9160833067 43.2139881877)",30.8.2024,08:45,injured
"POINT (27.94577 43.21404)",24.9.2021,19:30,unharmed
"POINT (27.9217628437 43.2142557694)",3.3.2025,13:40,died
"POINT (27.92132 43.21449)",26.7.2021,16:35,injured
"POINT (23.5485224333 43.2156588667)",26.9.2024,18:55,injured
"POINT (27.88832 43.2157)",8.7.2021,08:30,unharmed
"POINT (27.95754 43.21648)",9.2.2021,11:09,unharmed
"POINT (27.9037936645 43.2165558657)",30.7.2024,08:50,injured
"POINT (27.9253137925 43.2175946563)",21.11.2024,12:00,injured
"POINT (23.54264 43.21832)",20.7.2021,07:45,injured
"POINT (27.90648 43.2184)",22.4.2021,09:58,injured
"POINT (27.9141901487 43.2187239273)",21.12.2024,19:00,unharmed
"POINT (27.9141901487 43.2187239273)",21.12.2024,19:00,injured
"POINT (27.88975 43.21881)",8.11.2023,07:50,injured
"POINT (27.9342732539 43.2192218049)",13.6.2024,20:40,injured
"POINT (27.9342732539 43.2192218049)",13.6.2024,20:40,injured
"POINT (27.8885574618 43.2192285719)",9.4.2024,17:10,injured
"POINT (23.1595001452 43.2195061314)",18.6.2024,16:40,injured
"POINT (27.9268165225 43.2200873264)",1.4.2025,17:50,unharmed
"POINT (27.93092 43.2201)",8.6.2021,20:50,injured
"POINT (27.9312360907 43.2202074533)",2.2.2025,15:45,injured
"POINT (27.9149808024 43.2205156673)",6.8.2024,11:00,injured
"POINT (27.92438 43.22052)",18.12.2021,07:40,injured
"POINT (27.8983732675 43.2206730131)",11.4.2024,18:20,injured
"POINT (27.937624 43.220849)",6.1.2024,15:45,injured
"POINT (27.8940459879 43.2235600012)",15.6.2024,14:25,injured
"POINT (27.8939985976 43.2238105223)",5.4.2025,13:50,unharmed
"POINT (27.91425 43.22393)",5.6.2021,21:30,injured
"POINT (27.99796 43.22473)",29.5.2021,11:00,injured
"POINT (27.99899 43.22484)",17.8.2021,18:25,injured
"POINT (27.8906579913 43.2267874038)",27.7.2024,18:30,injured
"POINT (27.9067 43.22766)",3.9.2021,06:30,injured
"POINT (27.93579 43.22768)",7.10.2021,08:20,injured
"POINT (27.87844 43.22785)",7.12.2023,07:20,injured
"POINT (27.87403 43.22833)",28.3.2021,11:35,injured
"POINT (25.96396 43.22853)",15.7.2021,20:00,unharmed
"POINT (27.7886251333 43.2298581333)",20.5.2024,19:43,injured
"POINT (27.86985 43.23061)",20.9.2021,07:55,injured
"POINT (27.86986 43.23062)",7.6.2021,18:00,injured
"POINT (28.00709 43.2311)",30.5.2022,08:20,injured
"POINT (27.8702832606 43.2330212564)",27.7.2024,12:32,unharmed
"POINT (27.8843385141 43.2335983319)",12.6.2024,08:00,injured
"POINT (27.8767746238 43.23414089)",1.5.2024,11:20,injured
"POINT (23.1307029333 43.2342223093)",5.8.2024,22:20,injured
"POINT (24.8283342219 43.2353018856)",24.7.2024,12:15,unharmed
"POINT (27.87131 43.23668)",8.10.2021,07:00,unharmed
"POINT (25.3051065107 43.2384483653)",1.4.2024,14:10,injured
"POINT (27.83236 43.23932)",22.8.2021,23:30,unharmed
"POINT (23.3465818667 43.2395328833)",15.11.2024,18:00,injured
"POINT (26.5693949 43.239562)",12.6.2023,19:17,injured
"POINT (26.5708785 43.2396334)",16.8.2023,18:00,injured
"POINT (27.8685720363 43.2401361594)",11.9.2024,19:45,injured
"POINT (27.8674559221 43.2403851317)",11.3.2024,13:40,injured
"POINT (26.5710706 43.2413663)",23.7.2023,23:00,injured
"POINT (26.5588034876 43.2417335193)",8.3.2024,10:30,unharmed
"POINT (24.035345 43.242671)",19.5.2024,18:50,injured
"POINT (26.5627018 43.2432653)",23.8.2023,16:45,injured
"POINT (26.56785755 43.2450332667)",11.9.2024,14:15,injured
"POINT (26.5627402113 43.2459464178)",19.6.2024,16:45,injured
"POINT (27.8474363269 43.2459936082)",5.6.2024,11:10,injured
"POINT (28.01957 43.24623)",4.8.2021,10:16,injured
"POINT (26.5696740685 43.2479195067)",22.5.2024,11:00,injured
"POINT (26.5658905991 43.2487183686)",2.8.2024,09:15,unharmed
"POINT (27.6079607565 43.2490739624)",9.11.2024,17:30,died
"POINT (27.6079607565 43.2490739624)",9.11.2024,17:30,unharmed
"POINT (26.5633181442 43.2491877852)",30.8.2024,17:15,injured
"POINT (27.77527 43.25141)",20.6.2022,16:17,injured
"POINT (23.59473 43.25998)",4.8.2021,08:00,unharmed
"POINT (26.944333 43.261896)",25.4.2023,14:30,injured
"POINT (26.938823 43.262739)",1.4.2023,19:05,injured
"POINT (26.943448 43.268328)",5.7.2023,13:15,injured
"POINT (26.942065 43.269314)",9.6.2023,08:00,injured
"POINT (26.9107029833 43.2699402167)",7.10.2024,17:51,injured
"POINT (26.9282211419 43.2705839012)",11.4.2024,07:45,injured
"POINT (26.93635 43.27148)",19.8.2022,10:00,injured
"POINT (26.93638 43.27167)",15.8.2022,18:45,injured
"POINT (26.93986 43.27271)",28.10.2022,16:30,injured
"POINT (26.93929 43.27322)",12.7.2021,10:10,injured
"POINT (26.934998 43.273695)",6.10.2023,19:30,injured
"POINT (26.92489 43.27437)",9.6.2021,18:20,injured
"POINT (26.9351 43.27452)",30.5.2022,08:30,injured
"POINT (26.93865 43.27456)",5.2.2021,16:20,unharmed
"POINT (26.92979 43.27491)",6.4.2022,14:20,injured
"POINT (26.942795 43.274975)",30.8.2023,12:20,injured
"POINT (26.94253 43.27515)",8.8.2022,20:35,injured
"POINT (24.082005 43.277128)",7.9.2024,16:41,injured
"POINT (26.9265944667 43.2772323333)",6.5.2024,07:15,unharmed
"POINT (26.9158499054 43.2779651008)",10.7.2024,20:30,unharmed
"POINT (27.003225 43.286987)",13.5.2023,22:20,died
"POINT (23.17501 43.29586)",4.7.2022,17:20,injured
"POINT (25.64296 43.30228)",23.9.2022,07:55,injured
"POINT (28.05563 43.31616)",20.7.2022,12:40,injured
"POINT (25.86777 43.32416)",30.6.2021,10:48,injured
"POINT (27.5964581294 43.3299686598)",7.10.2024,13:30,unharmed
"POINT (27.191839 43.343828)",1.12.2023,11:40,died
"POINT (27.2008553 43.3454556)",5.9.2024,12:40,injured
"POINT (25.3347463459 43.345963856)",12.10.2024,11:09,injured
"POINT (26.2302158833 43.3463354833)",21.5.2024,20:50,injured
"POINT (26.2219006 43.3478027)",26.10.2024,11:25,injured
"POINT (27.20061 43.34831)",9.8.2021,18:15,died
"POINT (24.63722 43.35759)",4.8.2021,20:29,injured
"POINT (25.63756 43.37418)",11.12.2022,19:00,injured
"POINT (23.4538088167 43.38228)",22.6.2024,13:55,unharmed
"POINT (23.4538088167 43.38228)",22.6.2024,13:55,injured
"POINT (28.0526358476 43.3862884215)",23.6.2024,11:35,injured
"POINT (24.516199 43.389639)",28.8.2024,09:55,injured
"POINT (25.15093268 43.39233901)",23.8.2024,20:55,unharmed
"POINT (24.5135 43.3945)",14.8.2021,19:40,injured
"POINT (23.11868 43.39572)",27.6.2022,07:00,died
"POINT (24.6235353226 43.3979396465)",5.4.2024,14:10,injured
"POINT (23.23237 43.39997)",28.6.2022,07:50,injured
"POINT (24.5195 43.4023)",22.4.2022,13:00,unharmed
"POINT (23.22889 43.40282)",6.8.2021,20:30,injured
"POINT (23.1504064624 43.4030740954)",20.12.2024,18:00,injured
"POINT (23.22853 43.40337)",21.2.2022,18:30,injured
"POINT (24.63076 43.40376)",31.7.2021,12:05,injured
"POINT (24.62092 43.40434)",11.5.2021,13:59,injured
"POINT (23.23986 43.40523)",7.6.2023,17:10,died
"POINT (24.62373 43.40631)",24.2.2022,18:35,injured
"POINT (23.2253186833 43.4067873667)",15.4.2024,13:40,injured
"POINT (28.1607483218 43.4103034848)",13.8.2024,23:55,injured
"POINT (23.22976 43.41096)",24.11.2021,08:20,injured
"POINT (23.22072 43.4119)",12.8.2021,21:00,injured
"POINT (23.2123156828 43.4120225157)",2.1.2025,10:40,injured
"POINT (23.9357377777 43.4123433333)",13.10.2024,19:15,injured
"POINT (23.22281 43.41276)",18.7.2022,17:25,injured
"POINT (24.6975 43.4129)",9.7.2022,20:05,injured
"POINT (24.62001 43.41328)",24.9.2021,18:35,injured
"POINT (24.6542915667 43.4137159667)",18.12.2024,15:45,injured
"POINT (23.22626 43.41376)",22.5.2021,11:00,injured
"POINT (23.21956 43.41389)",27.6.2022,14:25,injured
"POINT (24.63052 43.41443)",26.9.2021,17:35,injured
"POINT (23.22716 43.41541)",16.11.2023,08:30,unharmed
"POINT (23.2216258 43.4165238167)",26.6.2024,13:10,injured
"POINT (23.22704 43.41727)",28.6.2021,10:45,unharmed
"POINT (23.22824 43.4176)",26.6.2022,19:20,injured
"POINT (23.23071 43.41767)",4.3.2021,16:10,injured
"POINT (24.6195568 43.4180061167)",14.11.2024,10:15,injured
"POINT (24.61934 43.41838)",8.6.2022,20:40,injured
"POINT (24.6070737432 43.418496866)",19.12.2024,15:00,unharmed
"POINT (23.22804 43.42036)",29.11.2021,17:20,injured
"POINT (23.22777 43.42043)",19.3.2023,11:25,injured
"POINT (24.61655 43.42273)",18.6.2021,15:10,injured
"POINT (23.9534059999 43.4243522222)",21.8.2024,18:40,injured
"POINT (24.5215174167 43.4248021167)",24.12.2024,14:38,injured
"POINT (27.7136294 43.4289127)",13.8.2024,19:20,injured
"POINT (28.32603 43.43166)",25.6.2022,20:35,injured
"POINT (28.33771 43.43527)",27.10.2022,16:05,unharmed
"POINT (24.5661 43.44241)",15.3.2021,07:35,injured
"POINT (24.60297 43.44471)",17.5.2022,12:00,unharmed
"POINT (24.54002 43.46181)",7.6.2022,07:35,injured
"POINT (25.908006017 43.463250991)",2.3.2025,18:36,injured
"POINT (23.93537 43.46602)",25.4.2021,17:25,injured
"POINT (28.42263 43.4662)",24.7.2023,16:50,injured
"POINT (23.94404 43.4705)",29.6.2021,23:15,died
"POINT (26.1231963 43.4713259)",20.7.2023,10:00,injured
"POINT (23.93897 43.47211)",5.2.2021,11:50,injured
"POINT (28.34018 43.47556)",17.12.2022,18:05,injured
"POINT (23.92905 43.4785)",4.3.2021,15:45,injured
"POINT (28.40653 43.4862)",3.5.2021,13:30,unharmed
"POINT (28.0674366466 43.4901256081)",8.9.2024,20:45,injured
"POINT (24.0841684481 43.5046443433)",11.7.2024,12:30,injured
"POINT (24.2157231775 43.5171783091)",20.6.2024,08:15,injured
"POINT (24.21575 43.52083)",19.3.2021,11:16,injured
"POINT (26.5197914556 43.5270669453)",20.4.2024,10:30,injured
"POINT (23.51584 43.52846)",14.4.2023,15:40,injured
"POINT (24.615995 43.533727)",18.6.2024,19:06,injured
"POINT (27.825596 43.552447)",15.1.2024,07:57,injured
"POINT (27.88837 43.55639)",25.10.2021,10:00,injured
"POINT (27.830045 43.564754)",10.4.2024,15:40,injured
"POINT (27.83447 43.56619)",2.8.2021,12:45,injured
"POINT (26.7255373 43.567877)",29.8.2024,20:30,injured
"POINT (24.27842 43.57157)",16.4.2022,13:30,unharmed
"POINT (24.27842 43.57157)",16.4.2022,13:30,injured
"POINT (27.828307 43.579375)",27.4.2024,07:45,unharmed
"POINT (27.78067 43.58707)",30.9.2022,08:09,injured
"POINT (24.88345 43.58794)",20.12.2021,10:05,died
"POINT (27.8596564 43.5938129)",25.11.2024,13:15,injured
"POINT (25.51441 43.60782)",7.11.2022,19:25,died
"POINT (25.36410486 43.60918906)",28.9.2024,14:35,injured
"POINT (23.30485 43.61447)",24.6.2021,17:35,injured
"POINT (27.10564 43.62097)",17.9.2022,16:40,unharmed
"POINT (23.17542 43.62347)",17.8.2021,21:10,injured
"POINT (27.7089339144 43.6290113915)",2.4.2024,11:40,injured
"POINT (23.3697012667 43.63919605)",3.11.2024,20:30,injured
"POINT (27.366135 43.641312)",30.8.2024,13:30,injured
"POINT (26.7677862 43.6423697)",29.7.2024,23:24,injured
"POINT (25.1298321932 43.6470272095)",11.4.2024,11:20,injured
"POINT (25.1248487037 43.6490456528)",23.3.2024,16:15,injured
"POINT (22.8407977974 43.6760741254)",16.8.2024,17:20,injured
"POINT (23.84387 43.690738)",10.6.2024,16:10,injured
"POINT (24.482359 43.697578)",18.9.2024,08:15,injured
"POINT (28.0354619715 43.6996753012)",11.7.2024,13:26,injured
"POINT (23.03244 43.70391)",10.7.2021,15:45,injured
"POINT (26.83161649 43.71471307)",28.2.2024,11:30,injured
"POINT (23.1267265333 43.7154531833)",19.7.2024,17:00,injured
"POINT (26.8338348645 43.7158852974)",22.11.2024,16:30,unharmed
"POINT (23.959353 43.726781)",29.6.2024,15:00,injured
"POINT (23.1600436776 43.7350555622)",29.1.2024,20:00,injured
"POINT (23.1600436776 43.7350555622)",29.1.2024,20:00,injured
"POINT (23.1600436776 43.7350555622)",29.1.2024,20:00,injured
"POINT (23.1600436776 43.7350555622)",29.1.2024,20:00,injured
"POINT (22.72485 43.73888)",11.4.2022,07:10,injured
"POINT (22.72617 43.74037)",6.2.2022,18:00,injured
"POINT (27.4073104597 43.7493933044)",26.9.2024,13:40,injured
"POINT (23.7314619833 43.7628815167)",25.11.2024,11:45,died
"POINT (22.6426770833 43.7671026167)",27.3.2024,10:00,injured
"POINT (26.4979347654 43.7974435828)",21.5.2024,11:31,injured
"POINT (22.93286 43.80566)",9.12.2021,19:00,died
"POINT (22.91773 43.80661)",30.10.2023,19:30,injured
"POINT (22.91773 43.80661)",30.10.2023,19:30,injured
"POINT (23.24398 43.80805)",9.8.2021,09:05,unharmed
"POINT (25.9820109 43.8146411)",2.11.2024,17:25,injured
"POINT (23.25231 43.81708)",28.4.2021,13:30,injured
"POINT (25.9388503519 43.8182097203)",15.4.2024,16:45,injured
"POINT (23.22636 43.83041)",23.4.2021,13:10,unharmed
"POINT (23.23347 43.83238)",9.3.2023,19:50,unharmed
"POINT (25.9708845403 43.8401466145)",3.1.2025,11:00,unharmed
"POINT (25.9517697 43.8401728167)",26.2.2024,11:40,injured
"POINT (25.951693 43.840487)",8.2.2024,15:00,unharmed
"POINT (25.9478329863 43.8428217729)",9.8.2024,10:40,injured
"POINT (25.975118 43.845419)",9.1.2025,14:59,injured
"POINT (25.9617377 43.8461124)",29.1.2025,14:50,injured
"POINT (25.9522592 43.8463946)",8.11.2024,16:40,injured
"POINT (25.9633256 43.8465235)",29.11.2024,18:50,injured
"POINT (25.9719226333 43.84722835)",26.8.2024,12:20,injured
"POINT (25.9533413833 43.8509230333)",3.2.2025,14:20,unharmed
"POINT (25.9569859 43.8521999145)",27.7.2024,10:00,injured
"POINT (26.0065713333 43.8532357167)",17.12.2024,08:20,died
"POINT (25.9822 43.8542)",23.2.2021,08:33,injured
"POINT (25.9677664141 43.8567604942)",3.10.2024,16:50,injured
"POINT (22.5219 43.88805)",12.7.2021,17:15,injured
"POINT (22.8201844328 43.9053638272)",26.5.2024,17:00,unharmed
"POINT (26.0747630333 43.9148343833)",20.9.2024,19:20,injured
"POINT (26.2134782007 43.9438360303)",8.7.2024,07:45,injured
"POINT (22.86283 43.96325)",3.5.2022,08:35,injured
"POINT (22.87168 43.9871)",5.8.2023,22:20,injured
"POINT (22.87976 43.98939)",16.2.2023,18:20,unharmed
"POINT (22.85387 43.98945)",25.6.2023,20:10,injured
"POINT (22.8656 43.99028)",9.5.2022,17:44,injured
"POINT (22.87085 43.9919)",6.4.2022,09:25,injured
"POINT (22.85878 43.99308)",8.12.2023,11:20,injured
"POINT (22.8758745482 43.9931441103)",12.4.2024,12:30,injured
"POINT (22.87648 43.99427)",25.10.2023,18:20,injured
"POINT (22.86687 43.99438)",26.8.2022,12:15,unharmed
"POINT (22.8687 43.99566)",18.5.2021,08:25,unharmed
"POINT (22.86759 43.99579)",22.7.2023,10:40,injured
"POINT (22.8831 43.99645)",7.1.2021,14:30,injured
"POINT (22.8749893063 43.9977172228)",20.8.2024,11:42,injured
"POINT (22.87804 43.9981)",11.6.2021,09:25,injured
"POINT (22.8780206856 43.9982028749)",25.6.2024,20:00,injured
"POINT (22.9186618 44.006571)",28.2.2024,17:55,died
"POINT (22.89861 44.00751)",2.3.2021,13:00,injured
"POINT (22.9158458447 44.0205792347)",7.1.2025,05:50,died
"POINT (27.26576 44.10612)",29.4.2021,16:18,injured
"POINT (27.2557949058 44.1128424993)",19.6.2024,09:15,injured
"POINT (27.26856 44.11357)",9.11.2022,13:40,unharmed
"POINT (27.27065 44.11402)",7.6.2021,11:35,injured
"POINT (27.2665991734 44.1145018656)",3.8.2024,17:20,injured
"POINT (27.2664504 44.1146014)",29.3.2024,15:40,injured
"POINT (22.64246 44.1441)",18.8.2022,21:00,injured
"POINT (25.953802 44.846162)",24.7.2024,21:13,unharmed
